Test Loss,Test Accuracy (%),F1 Score,Precision,Recall,Specificity
1.098451018333435,75.51020383834839,0.7533316448381422,0.7551020408163265,0.7551020408163265,0.9368723098995696
