Test Loss,Test Accuracy (%),F1 Score,Precision,Recall,Specificity
1.2286323308944702,73.71675968170166,0.7419155227925874,0.7371675943104514,0.7371675943104514,0.8859397417503587
