Test Loss,Test Accuracy (%),F1 Score,Precision,Recall,Specificity
1.367319941520691,73.71675968170166,0.7390259340661591,0.7371675943104514,0.7371675943104514,0.9454414931801867
