Test Loss,Test Accuracy (%),F1 Score,Precision,Recall,Specificity
1.4311343431472778,69.20222640037537,0.7045292563647347,0.6920222634508348,0.6920222634508348,0.8414634146341463
