Test Loss,Test Accuracy (%),F1 Score,Precision,Recall,Specificity
1.2410643100738525,69.94433999061584,0.7131331615440892,0.699443413729128,0.699443413729128,0.875896700143472
