Average Accuracy,Average F1 Score,Average Precision,Average Recall,Average Specificity
72.41805791854858,0.7303871039211426,0.7241805813234384,0.7241805813234384,0.8971227319215467
